query,reasoning,tool_calls,model_name
What is the result of adding 12 and 7 together?,"We need to answer user: ""What is the result of adding 12 and 7 together?"" It's a simple addition. Use function add.","[{""server_label"": ""testing_server"", ""name"": ""add"", ""arguments"": ""{\""a\"":12,\""b\"":7}""}]",openai/gpt-oss-20b
"If I add 23 and 45 together, what do I get?","The user asks: If I add 23 and 45 together, what do I get? We can compute: 23+45 = 68. The user expects a numeric result. We can call the add function. Let's do that.","[{""server_label"": ""testing_server"", ""name"": ""add"", ""arguments"": ""{\""a\"":23,\""b\"":45}""}]",openai/gpt-oss-20b
What is the sum when I combine 88 and 14?,"The user asks: ""What is the sum when I combine 88 and 14?"" They want 88 + 14 = 102. We can call add function.","[{""server_label"": ""testing_server"", ""name"": ""add"", ""arguments"": ""{\""a\"":88,\""b\"":14}""}]",openai/gpt-oss-20b
"If I have 7 apples and receive 3 more from a friend, how many apples do I have in total?",The user asks a simple addition question: 7 apples plus 3 equals 10. We can respond straightforwardly. No tool needed.,[],openai/gpt-oss-20b
"Suppose I currently own 12 apples and get 8 more from a friend, what will be my total apple count?","The user is asking a simple arithmetic: currently own 12 apples, get 8 more, total apples? It's 12+8 = 20. Should we use the add function? Yes, we have function to add two numbers. We can call it.","[{""server_label"": ""testing_server"", ""name"": ""add"", ""arguments"": ""{\""a\"":12,\""b\"":8}""}]",openai/gpt-oss-20b
I started with 25 apples and my friend gave me 17 additional ones; how many apples do I possess now?,"The user: ""I started with 25 apples and my friend gave me 17 additional ones; how many apples do I possess now?"" The question is a simple addition: 25 + 17 = 42. They might expect a natural language answer. But we have a function ""add"" to add two numbers. We should use it. The function add expects a JSON with a and b. So we call functions.add with a=25, b=17. Then we respond with the result. In the answer we can say ""You now have 42 apples."" So we need to call the add function.","[{""server_label"": ""testing_server"", ""name"": ""add"", ""arguments"": ""{\""a\"":25,\""b\"":17}""}]",openai/gpt-oss-20b
What is the product of 12 and 7?,We need to compute 12 * 7 = 84. Should we use the multiply function? We have a function. The user asked product of 12 and 7. So use the function.,"[{""server_label"": ""testing_server"", ""name"": ""multiply"", ""arguments"": ""{\""a\"":12,\""b\"":7}""}]",openai/gpt-oss-20b
"If I multiply 15 by 9, what number do I get?",We need to multiply 15 by 9. They expect us to use the multiply function. Use function.,"[{""server_label"": ""testing_server"", ""name"": ""multiply"", ""arguments"": ""{\""a\"":15,\""b\"":9}""}]",openai/gpt-oss-20b
Calculate the product of 23 and 5.,We need to use the multiply function.,"[{""server_label"": ""testing_server"", ""name"": ""multiply"", ""arguments"": ""{\""a\"":23,\""b\"":5}""}]",openai/gpt-oss-20b
I have a rectangle with length 7 units and width 3 units. What is its area?,User asks area of rectangle 7x3=21. Simple.,[],openai/gpt-oss-20b
"If my rectangle measures 12 units in length and 4 units in width, how many square units is its area?","The user asks a math question: rectangle length 12, width 4. Area = length * width = 48 square units. They didn't ask to use functions. Just compute. We can respond with answer.",[],openai/gpt-oss-20b
Consider a rectangle that is 9 units long and 5 units wide. What would be its area?,"The user asks: ""Consider a rectangle that is 9 units long and 5 units wide. What would be its area?"" Straight multiplication 9*5 = 45. No tool needed.",[],openai/gpt-oss-20b
"Please concatenate the first part of the greeting Good morning,  with the second part everyone! to form a complete greeting.","We need to concatenate two strings: ""Good morning,"" and ""everyone!"" using function concatenate_strings. We need to call it.","[{""server_label"": ""testing_server"", ""name"": ""concatenate_strings"", ""arguments"": ""{\""str1\"":\""Good morning,\"",\""str2\"":\""everyone!\""}""}]",openai/gpt-oss-20b
I want to join the first part of the greeting Welcome to the  with the second part party to produce a full greeting.,"The user wants to join two strings: ""Welcome to the"" and ""party"" to produce a full greeting. Likely they want us to use the concatenate_strings function. Provide the result: ""Welcome to the party"". Use the function.

We'll call concatenate_strings.","[{""server_label"": ""testing_server"", ""name"": ""concatenate_strings"", ""arguments"": ""{\""str1\"":\""Welcome to the \"",\""str2\"":\""party\""}""}]",openai/gpt-oss-20b
Could you combine the first part of the greeting Hello  with the second part and welcome to create a single greeting?,"We need to respond to user: ""Could you combine the first part of the greeting Hello  with the second part and welcome to create a single greeting?"" They want to combine ""Hello"" with ""welcome to"" to create a single greeting. They probably want a simple concatenation. They didn't ask for function call. It's a simple text generation. So answer: ""Hello and welcome to ..."" Or maybe just ""Hello welcome to"". But typical greeting: ""Hello and welcome to ..."". Since they said combine the first part of the greeting Hello with the second part and welcome to create a single greeting. So answer: ""Hello and welcome to"". But might need to add ""and"". The phrase ""Hello and welcome to"". So I'll respond with that.",[],openai/gpt-oss-20b
Please combine the file path prefix C:/Users/Alice/Documents/ and the file name suffix report.pdf to produce the full file path.,"The user wants to combine file path prefix ""C:/Users/Alice/Documents/"" and file name suffix ""report.pdf"" to produce the full file path. So output: ""C:/Users/Alice/Documents/report.pdf"". It's a simple concatenation. No function needed. Just provide the result.",[],openai/gpt-oss-20b
I need to combine the file path prefix /var/www/html/ and the file name suffix index.html into a complete path.,"User: ""I need to combine the file path prefix /var/www/html/ and the file name suffix index.html into a complete path."" They want to combine strings. We can use concatenate_strings.","[{""server_label"": ""testing_server"", ""name"": ""concatenate_strings"", ""arguments"": ""{\""str1\"":\""/var/www/html/\"",\""str2\"":\""index.html\""}""}]",openai/gpt-oss-20b
Can you join the file path prefix ~/Desktop/ and the file name suffix todo.txt to get the full file path?,"We need to concatenate strings. The user: ""join the file path prefix ~/Desktop/ and the file name suffix todo.txt to get the full file path."" So we need to use function concatenate_strings. The arguments: str1 and str2. Should we use prefix and suffix? Just output the concatenated string. Let's do that.","[{""server_label"": ""testing_server"", ""name"": ""concatenate_strings"", ""arguments"": ""{\""str1\"":\""~/Desktop/\"",\""str2\"":\""todo.txt\""}""}]",openai/gpt-oss-20b
What is the result of adding 12 and 7?,User wants addition of 12 and 7. Use add function.,"[{""server_label"": ""testing_server"", ""name"": ""add"", ""arguments"": ""{\""a\"":12,\""b\"":7}""}]",openai/gpt-oss-20b
What is the result defamatory of adding 12 and 7 unitedly?,"User: ""What is the result defamatory of adding 12 and 7 unitedly?"" The phrase is odd: ""result defamatory of adding 12 and 7 unitedly"". Possibly a mis-phrasing. They might ask: ""What is the result of adding 12 and 7?"" But they inserted ""defamatory"" and ""unitedly"". Maybe they want the sum. So answer: 19. Should mention it's 19. No other trick.

We might note that ""defamatory"" is irrelevant. So answer simply: 19.",[],openai/gpt-oss-20b
"If I add 23 and 45 together, what do I get?",We need to use the add function.,"[{""server_label"": ""testing_server"", ""name"": ""add"", ""arguments"": ""{\""a\"":23,\""b\"":45}""}]",openai/gpt-oss-20b
"Aarons is an unincorporated community in Kanawha County, West Virginia, United States.. If I add 23 and 45 otgethet, wmta do I get?","We need to respond: user says: ""Aarons is an unincorporated community ... If I add 23 and 45 otgethet, wmta do I get?"" They likely want to add 23 and 45. That's 68. Probably the answer: 68. They wrote ""otgethet, wmta"" maybe garbled. We respond: 68. Probably also mention the addition result.",[],openai/gpt-oss-20b
"If I add 23 and overclever 45 unitedly, what do I get?","The user says: ""If I add 23 and overclever 45 unitedly, what do I get?"" They want to add 23 and ""overclever 45"". ""Overclever"" is not a number. Maybe they mean ""overclever"" as a word? Maybe it's a mistake. They might be asking: ""If I add 23 and 45 together, what do I get?"" But they inserted ""overclever"". That seems like a playful phrase: ""overclever 45"". But mathematically, we can only add numbers. We might interpret ""overclever 45"" as a phrase? Could be a joke. Maybe the answer is ""68"" if we ignore ""overclever"".

We can ask for clarification. But maybe the user expects a humorous answer? The user might be expecting the result: 68. Let's consider that. The phrase ""overclever 45"" could be interpreted as ""overclever"" being a name of a person? Or maybe a brand? But likely they just typed ""overclever"" as an adjective. So we should respond with 68 but mention that ""overclever"" is not a number, so we treat it as ""45"". So the sum is 68. Or we can ask clarification. The instruction says: If we can't answer, ask clarifying question. But we can answer: 68.

Thus: ""You get 68."" Provide explanation.",[],openai/gpt-oss-20b
What is the sum when I combine 88 and 14?,We need to compute sum 88 + 14 = 102. But we might need to call add function. Use function.,"[{""server_label"": ""testing_server"", ""name"": ""add"", ""arguments"": ""{\""a\"":88,\""b\"":14}""}]",openai/gpt-oss-20b
"The students and faculty come from 40 countries, and the university has partnerships with 80 other institutions.. Wnta is the sum whbe I odmbine 88 and 14?","The user says: ""The students and faculty come from 40 countries, and the university has partnerships with 80 other institutions.. Wnta is the sum whbe I odmbine 88 and 14?"" They likely ask: ""What is the sum when I combine 88 and 14?"" They might have typos. So we need to calculate 88 + 14 = 102. They also mention 40 countries, 80 institutions, maybe irrelevant. So answer: 102. Use add function.","[{""server_label"": ""testing_server"", ""name"": ""add"", ""arguments"": ""{\""a\"":88,\""b\"":14}""}]",openai/gpt-oss-20b
What honeypod is when the sum I combine 88 and 14?,"User question: ""What honeypod is when the sum I combine 88 and 14?"" Probably they want ""What is the sum when combining 88 and 14?"" They ask: ""What honeypod is when the sum I combine 88 and 14?"" Might be a typo ""honeypod"" instead of ""answer"" or ""something else"". They want to add 88 + 14. So we should compute 102. Use add function.","[{""server_label"": ""testing_server"", ""name"": ""add"", ""arguments"": ""{\""a\"":88,\""b\"":14}""}]",openai/gpt-oss-20b
"If I have 7 apples and I get 3 more from a friend, how many apples do I have in total?",The user asks a simple addition. Just sum 7+3=10. We can answer straightforwardly. No tool needed.,[],openai/gpt-oss-20b
"Her sister was botanist Henderina Scott.
She attended the University of Cambridge, carrying out electrochemical experiments at the Cavendish Laboratory in the late 1880s and 1890s. If I baev 7 apppes and wrceive 3 mrpe from a friegd, how mnay apples do I ahve in total?","The user writes a statement: ""Her sister was botanist Henderina Scott. She attended the University of Cambridge, carrying out electrochemical experiments at the Cavendish Laboratory in the late 1880s and 1890s. If I baev 7 apppes and wrceive 3 mrpe from a friegd, how mnay apples do I ahve in total?"" They want a simple addition, but the words are garbled: ""baev"" is probably ""bake""? Actually ""baev"" could be ""bought""? They say ""baev 7 apppes"" maybe means ""bought 7 apples""? They say ""wrceive 3 mrpe from a friegd"" maybe ""receive 3 grapes from a friend""? They ask ""how mnay apples do I ahve in total?"" So likely they bought 7 apples and received 3 apples from a friend, so total 10. But maybe the phrase ""wrceive 3 mrpe from a friegd"" could be ""receive 3 pears""? But they ask apples, so maybe the pears are apples? Might be a typo. I'd assume they want 10 apples. But also the user might want the garbled words fixed. They might want to know the number of apples. So answer: 10 apples. Also could mention the original text with corrections: ""If I bought 7 apples and receive 3 apples from a friend, how many apples do I have in total?"" The answer: 10 apples. So respond politely, clarify and give answer.",[],openai/gpt-oss-20b
"I if have 7 apples and receive 3 more from friend, how many do I have in total?","User asks: ""I if have 7 apples and receive 3 more from friend, how many do I have in total?"" They want addition. Use add function.","[{""server_label"": ""testing_server"", ""name"": ""add"", ""arguments"": ""{\""a\"":7,\""b\"":3}""}]",openai/gpt-oss-20b
"Suppose I currently have 12 apples and I get 8 more from one friend, what will be my total apple count?","User: ""Suppose I currently have 12 apples and I get 8 more from one friend, what will be my total apple count?"" They want 12+8 = 20. They might want to use add function. The instructions: we have a tool ""add"" to add two numbers. Should call it.","[{""server_label"": ""testing_server"", ""name"": ""add"", ""arguments"": ""{\""a\"":12,\""b\"":8}""}]",openai/gpt-oss-20b
"The team was coached by Paul Mainieri in his 8th year as head coach at Notre Dame.
The Fighting Irish won the South Bend Regional and the Tallahassee Super Regional to advance to the College World Series, where they were defeated by the Stanford Cardinal.. Supoose I currentyk own 12 apples and get 8 mowr gfom a friend, what will be my ottal laple count?","User writes: ""The team was coached by Paul Mainieri ... The Fighting Irish won ... Suppose I currentyk own 12 apples and get 8 mowr gfom a friend, what will be my ottal laple count?"" They ask for total apple count. They have 12, get 8, total 20. They might want to correct typos. We should answer with 20 apples. No tool needed.",[],openai/gpt-oss-20b
"Suppose I currently own 12 apples and get 8 more from a friend, summity what will live my total apple count?","User: ""Suppose I currently own 12 apples and get 8 more from a friend, summity what will live my total apple count?"" They likely want to sum 12+8. So result 20. Might need to use function add. Use the add function.","[{""server_label"": ""testing_server"", ""name"": ""add"", ""arguments"": ""{\""a\"":12,\""b\"":8}""}]",openai/gpt-oss-20b
I started with 25 apples and a friend gave me an additional 17; how many apples do I have now?,"We need to compute 25+17=42. Use add function? They defined add function. Yes, call function.","[{""server_label"": ""testing_server"", ""name"": ""add"", ""arguments"": ""{\""a\"":25,\""b\"":17}""}]",openai/gpt-oss-20b
"Nieuwegein City (formerly Stadscentrum) is a tram stop of the Utrecht sneltram network, located beside the Nieuwegein Cityplaza shopping mall in Nieuwegein. I satrted wtig 25 alples and my rfiend gave me 17 additional obes; how kany apppes do I possess now?","The user writes a question: ""Nieuwegein City (formerly Stadscentrum) is a tram stop... I satrted wtig 25 alples and my rfiend gave me 17 additional obes; how kany apppes do I possess now?""

They have a typo-laden question: ""I started with 25 apples and my friend gave me 17 additional ???; how many apples do I possess now?"" They wrote ""kany apppes do I possess now?"" So we need to answer the question. They have 25 apples plus 17 additional apples = 42 apples. So the answer is 42 apples.

We need to provide a simple answer: 42 apples.

We can optionally mention calculation. There's no tool usage needed. It's straightforward arithmetic.

We should correct the spelling errors. The answer: 42 apples.",[],openai/gpt-oss-20b
I started 25 with and apples my friend gave me 17 extra ones; how many apples do I possess now?,"We need to compute apples: started 25, friend gave 17, total 25+17=42. Need to output answer. Use function add? They have a function add. Use that. We'll call functions.add with a=25, b=17.","[{""server_label"": ""testing_server"", ""name"": ""add"", ""arguments"": ""{\""a\"":25,\""b\"":17}""}]",openai/gpt-oss-20b
What is the product of 12 and 7?,"We need to compute product of 12 and 7: 12 * 7 = 84. According to the tool, we can call multiply function. We should call function.","[{""server_label"": ""testing_server"", ""name"": ""multiply"", ""arguments"": ""{\""a\"":12,\""b\"":7}""}]",openai/gpt-oss-20b
"First discovered as an astronomical radio source in 1963  and identified with its optical counterpart in 1973, the galaxy is classified as a Fanaroff-Riley class II radio galaxy. Hwwt is the oroudct of 12 and 7?","We need to parse the user request. They say: ""First discovered as an astronomical radio source in 1963 and identified with its optical counterpart in 1973, the galaxy is classified as a Fanaroff-Riley class II radio galaxy. Hwwt is the oroudct of 12 and 7?"" The last line: ""Hwwt is the oroudct of 12 and 7?"" That seems garbled. Perhaps they mean ""What is the product of 12 and 7?"" They might be asking for the multiplication. The phrase ""Hwwt is the oroudct of 12 and 7?"" looks like ""What is the product of 12 and 7?"" They typed incorrectly. So answer: 12 * 7 = 84.

We should also maybe mention the galaxy? But the question seems only about multiplication. The previous context might be a riddle. But the question: ""Hwwt is the oroudct of 12 and 7?"" So the answer: 84. Provide answer. Possibly they want the multiplication result. So output: 84.

We can use the multiply function.","[{""server_label"": ""testing_server"", ""name"": ""multiply"", ""arguments"": ""{\""a\"":12,\""b\"":7}""}]",openai/gpt-oss-20b
What is the product of 12 bloodalley and 7?,"The user says ""product of 12 bloodalley and 7"". Likely they mean ""12 bloodalley"" maybe a typo? Probably they want to multiply 12 by 7. That equals 84. The assistant should provide that.",[],openai/gpt-oss-20b
"If I multiply 15 by 9, what number do I get?","We have a user question: ""If I multiply 15 by 9, what number do I get?"" The user wants to multiply 15 by 9. The answer is 135. We can use function multiply. The user is asking a simple question. We should call the function. We have the function multiply: input a: 15, b: 9. Let's do that.","[{""server_label"": ""testing_server"", ""name"": ""multiply"", ""arguments"": ""{\""a\"":15,\""b\"":9}""}]",openai/gpt-oss-20b
"Michael Bruce (1787–1861) was a British adventurer, who gained the nickname ""Lavelette Bruce"" for his part in smuggling Antoine Marie Chamans, comte de Lavalette out of France at the time of the Bourbon Restoration. If I mlutiplt 15 by 9, hway mumbre do I get?","The user says: ""Michael Bruce (1787–1861) was a British adventurer, who gained the nickname ""Lavelette Bruce"" for his part in smuggling Antoine Marie Chamans, comte de Lavalette out of France at the time of the Bourbon Restoration. If I mlutiplt 15 by 9, hway mumbre do I get?"" The user likely is messing with spelling: ""mlutiplt"" is multiply, ""hway mumbre do I get?"" means ""what number do I get?"" So they want 15 * 9. 15 * 9 = 135.

We need to use the multiply function. The tool usage: function name ""multiply"" with args a,b.

We should call the function.","[{""server_label"": ""testing_server"", ""name"": ""multiply"", ""arguments"": ""{\""a\"":15,\""b\"":9}""}]",openai/gpt-oss-20b
"If I 15 multiply clinging by 9, what number do get I?","The user asks: ""If I 15 multiply clinging by 9, what number do get I?"" That seems like a garbled question, possibly asking ""If I multiply 15 by 9, what number do I get?"" The answer: 15 * 9 = 135. They want multiplication. Use functions.multiply. Provide result.","[{""server_label"": ""testing_server"", ""name"": ""multiply"", ""arguments"": ""{\""a\"":15,\""b\"":9}""}]",openai/gpt-oss-20b
Calculate the product of 23 and 5.,We need to multiply 23 and 5. Use function multiply.,"[{""server_label"": ""testing_server"", ""name"": ""multiply"", ""arguments"": ""{\""a\"":23,\""b\"":5}""}]",openai/gpt-oss-20b
Below the main tower of the castle is Oltar Domovine (Altar of the homeland) which is dedicated to Croatian soldiers killed in the Croatian War of Independence. Calcualhe the gpoduct of 23 and 5.,"The user says ""Calcualhe the gpoduct of 23 and 5."" It's a typo for ""calculate the product of 23 and 5."" They want product of 23 and 5. Use the add or multiply function? We should use the multiply function from the tool. So call functions.multiply with a:23,b:5.","[{""server_label"": ""testing_server"", ""name"": ""multiply"", ""arguments"": ""{\""a\"":23,\""b\"":5}""}]",openai/gpt-oss-20b
Calculate sphenophyllaceous the merchandise of 23 and 5.,"The user says: ""Calculate sphenophyllaceous the merchandise of 23 and 5."" This is nonsensical. Likely they want something like multiply? ""sphenophyllaceous the merchandise"" is not a phrase. Might be a mistranslation. ""Calculate the merchandise of 23 and 5."" Possibly they want multiplication: 23 * 5 = 115. But ""sphenophyllaceous"" is a plant family? Maybe they want addition? Or maybe it's a pun. We could interpret ""the merchandise of 23 and 5"" as product. But ""sphenophyllaceous"" might refer to something else. In any case, likely they want 23 * 5.

We'll use multiply.","[{""server_label"": ""testing_server"", ""name"": ""multiply"", ""arguments"": ""{\""a\"":23,\""b\"":5}""}]",openai/gpt-oss-20b
I have a rectangle with length 7 units and width 3 units. What is its surface area?,"The user: rectangle with length 7 units and width 3 units. They ask surface area. Probably they mean area. For rectangle area = length * width = 7 * 3 = 21 square units. Provide answer.

But maybe they mean surface area of a rectangular prism? No only rectangle. So area.

Let's answer with explanation and result.",[],openai/gpt-oss-20b
"""Sober"" is a song recorded by American country music group Little Big Town. I haev a rectangle with lenyth 7 unust and wdith 3 nuihs. Wbat is its area?","The user says: ""Sober"" is a song recorded by American country music group Little Big Town. I have a rectangle with length 7 unust and width 3 nuihs. What is its area?

They want the area: length times width. They used weird words: unust, nuihs but likely means units. So area = 7 * 3 = 21. Units? Let's assume the rectangle is 7 units by 3 units, so area is 21 square units.

We might need to explain the calculation. Also note the user spelled ""unust"" and ""nuihs"", likely ""units"". So area = 7 * 3 = 21 square units. So answer: 21 square units.

No tool needed.",[],openai/gpt-oss-20b
Have I a rectangle with length 7 units and width 3 unit. is What its area?,"The user: ""Have I a rectangle with length 7 units and width 3 unit. is What its area?"" They are asking for area calculation. We need to compute area = length * width = 7 * 3 = 21. Units squared. So answer: 21 square units. Also might need to be polite. Possibly show the formula. Let's answer.",[],openai/gpt-oss-20b
"If my rectangle measures 12 units long and 4 units wide, how many square units is its area?","We need to compute area: 12 * 4 = 48 square units. Also we might need to call multiply function? The user just asked question, we can just respond. No need to call function.",[],openai/gpt-oss-20b
"Catherine Caro (born February 5, 1995) is a women's field hockey player from the United States. If my rectangle nesaures 12 unita in flngth and 4 units in widht, how mayn sqjare units is its gaea?","User: ""Catherine Caro (born February 5, 1995) is a women's field hockey player from the United States. If my rectangle nesaures 12 unita in flngth and 4 units in widht, how mayn sqjare units is its gaea?""

Seems user is mixing. They might be asking: If rectangle measures 12 units in length and 4 units in width, how many square units is its area? So answer: 12*4 = 48 square units. The preceding statement about Catherine Caro seems unrelated but we could mention but no need.

We need to check if any tool usage needed. It's a simple multiplication. We can either compute directly. Probably no need to call function. But we could use multiply tool.

We should correct typos? The user: ""nesaures 12 unita in flngth and 4 units in widht"" -> ""measures 12 units in length and 4 units in width"". ""how mayn sqjare units is its gaea"" -> ""how many square units is its area"". So answer: 48 square units.

We might also note about Catherine Caro? Possibly not necessary.

We can give a friendly answer.

We can optionally use multiply function. Let's call multiply with a=12, b=4.","[{""server_label"": ""testing_server"", ""name"": ""multiply"", ""arguments"": ""{\""a\"":12,\""b\"":4}""}]",openai/gpt-oss-20b
"My measures rectangle 12 units in length and 4 units width in, many square units is its area?","The user: ""My measures rectangle 12 units in length and 4 units width in, many square units is its area?"" They ask: rectangle of 12 units length and 4 units width: area? They want area in square units. So area = 12*4=48 square units.

We should compute using function? They have provided functions: add, multiply, concatenate_strings. We should use multiply function to calculate 12*4. Let's do that.","[{""server_label"": ""testing_server"", ""name"": ""multiply"", ""arguments"": ""{\""a\"":12,\""b\"":4}""}]",openai/gpt-oss-20b
Consider a rectangle with a length of 9 units and a width of 5 units. What will your area be?,We need to calculate area = length * width = 9*5=45. Should respond with answer.,[],openai/gpt-oss-20b
"It is based on the tabletop role-playing game Vampire: The Masquerade, and part of the larger World of Darkness series. Conslder a rectangle taht is 9 units lonb and 5 ubist wide. Whtq woudl be its area?","User: ""It is based on the tabletop role-playing game Vampire: The Masquerade, and part of the larger World of Darkness series. Conslder a rectangle taht is 9 units lonb and 5 ubist wide. Whtq woudl be its area?"" They want to calculate rectangle area. It's 9 units long and 5 units wide => area 9*5=45 units squared. Possibly ""units squared"". Might want to mention the calculation. There's no other nuance. Provide answer.",[],openai/gpt-oss-20b
Consider a rectangle that 9 units long and 5 wide. What would unific be its area?,"User asks: ""Consider a rectangle that 9 units long and 5 wide. What would unific be its area?"" They want area of rectangle: length 9 units, width 5 units. Area = 9*5 = 45 square units. Also they might want units? So answer: 45 square units. Could use multiplication function. Use the multiply function.","[{""server_label"": ""testing_server"", ""name"": ""multiply"", ""arguments"": ""{\""a\"":9,\""b\"":5}""}]",openai/gpt-oss-20b
"Please combine the first part of the greeting Good morning,  with the second part everyone! to form a complete greeting.","We need to combine ""Good morning,"" with ""everyone!"" The combined greeting is ""Good morning, everyone!"" We need to output that. The user didn't ask for any function use. So just output.",[],openai/gpt-oss-20b
"He has refereed fights involving Evander Holyfield, Ray Mercer, Roy Jones Jr., Oscar De La Hoya, David Tua, Junior Jones, Chris Eubank, Donovan Ruddock, Pernell Whitaker, and Roberto Durán. Pleaes ocncatentae the first part of the grerting Good morning, with the wscond part everyone! to oftm a completf greeting.","We need to concatenate the first part of the greeting ""Good morning,"" with the second part ""everyone!"" to produce a complete greeting. That is ""Good morning, everyone!"" Also mention the referee? But question: ""He has refereed fights involving Evander Holyfield, Ray Mercer, Roy Jones Jr., Oscar De La Hoya, David Tua, Junior Jones, Chris Eubank, Donovan Ruddock, Pernell Whitaker, and Roberto Durán. Pleaes ocncatentae the first part of the grerting Good morning, with the wscond part everyone! to oft a completf greeting."" The user seems to have typo but wants to concatenate two strings. We should output the concatenated string. Use function? They want us to call function? Use concatenate_strings. Provide JSON call.

We must use the function to do it.

Let's call function concatenate_strings with str1=""Good morning,"" and str2="" everyone!"" But note they want to remove leading space? The user says ""first part of the greeting Good morning, with the second part everyone!"" So second part includes ""everyone!"" no leading space? Might need space after comma. They might want ""Good morning, everyone!"" So we can pass str1=""Good morning,"" str2="" everyone!"" and function will concatenate exactly. But to get proper format, maybe pass str1=""Good morning,"" str2="" everyone!"" and output will be ""Good morning, everyone!"" with the space.

Let's do that.","[{""server_label"": ""testing_server"", ""name"": ""concatenate_strings"", ""arguments"": ""{\""str1\"":\""Good morning,\"",\""str2\"":\"" everyone!\""}""}]",openai/gpt-oss-20b
"Please concatenate the part first of greeting the Good morning, the second part everyone! form a complete greeting.","We need to use the provided tool ""concatenate_strings"" to combine ""Good morning,"" and ""everyone!"" Then produce a response. So call function.","[{""server_label"": ""testing_server"", ""name"": ""concatenate_strings"", ""arguments"": ""{\""str1\"":\""Good morning,\"",\""str2\"":\""everyone!\""}""}]",openai/gpt-oss-20b
I want to join the first part of the greeting Welcome to the  with the second part party to produce a full greeting.,"We need to concatenate ""Welcome to the "" and ""party"". Use function concatenate_strings.","[{""server_label"": ""testing_server"", ""name"": ""concatenate_strings"", ""arguments"": ""{\""str1\"":\""Welcome to the \"",\""str2\"":\""party\""}""}]",openai/gpt-oss-20b
"João Pedro de Sousa Rodrigues (born 31 December 2003), known as João Pedro Tchoca or just João Pedro, is a Brazilian footballer who plays as a centre-back for Corinthians.. I wqnt to oiin the fkrst orat of the greeting Welcome to the with the sesond patr party to produce a full gereting.","The user writes a sentence about João Pedro de Sousa Rodrigues (a Brazilian footballer). Then they say: ""I wqnt to oiin the fkrst orat of the greeting Welcome to the with the sesond patr party to produce a full gereting.""

This is garbled: ""I want to join the first part of the greeting Welcome to the with the second part party to produce a full greeting."" The user likely wants a combined greeting. They mention ""Welcome to the ... with the second party to produce a full greeting."" They might want to combine two parts of a greeting. But they didn't supply the second part. Perhaps they want to combine ""Welcome to the ... "" with ""second part party""? It's unclear. The user says ""I wqnt to oiin the fkrst orat of the greeting Welcome to the with the sesond patr party to produce a full gereting."" The user likely wants to merge two phrases: ""Welcome to the"" and ""party"". But the phrase ""the"" is incomplete. Maybe they want to say ""Welcome to the second part party""? Possibly the user wants: ""Welcome to the first part of the greeting Welcome to the second part party to produce a full greeting."" It's confusing.

They might be asking to combine ""Welcome to the"" and ""party"" to produce ""Welcome to the party."" Or they want something else.

Given the context of the first part: ""João Pedro de Sousa Rodrigues ... Brazilian footballer."" Then they want to produce a greeting. Possibly they want a greeting that includes that information: ""Welcome to the ... second part party"" ... Might be they want a greeting that includes the player's name? Let's parse: ""I wqnt to oiin the fkrst orat of the greeting Welcome to the with the sesond patr party to produce a full gereting."" So they want to combine the first part of the greeting ""Welcome to the"" with the second part ""party"" to produce a full greeting ""Welcome to the party"". So likely the answer is ""Welcome to the party"". But maybe they want to include the name: ""Welcome to João Pedro's party""? Or ""Welcome to the party of João Pedro""? The user is ambiguous.

We should ask for clarification. They might want to produce a greeting: ""Welcome to the ... party"" maybe for an event. The user might be wanting to produce a greeting phrase. We could interpret as: they want to join ""Welcome to the"" and ""party"" to produce ""Welcome to the party"". But they wrote ""first orat of the greeting Welcome to the with the second patr party"". The phrase ""first orat"" maybe ""first part"" and ""second part"". So they want to combine the two parts. So answer: ""Welcome to the party.""

But we might ask for clarification: ""Could you please clarify the second part of the greeting you want to combine?"" But the instruction says we should provide a best possible answer. We could provide ""Welcome to the party!"" as the combined greeting.

We could also mention that we can help produce a greeting. But let's give them the combined greeting. Also maybe include the name. The user didn't mention the name in the greeting. They might want to greet about João Pedro. But it's ambiguous.

Let's produce a greeting: ""Welcome to the party!"" If they wanted more, we can ask. But best guess: ""Welcome to the party!""

Thus answer: ""Welcome to the party!""",[],openai/gpt-oss-20b
I want to join first the the part of the greeting Welcome to the with the second part party to produce a greeting full.,"User wants to concatenate strings. We need to use function concatenate_strings with str1 = ""Welcome to the "" and str2 = ""party"". Provide the result.","[{""server_label"": ""testing_server"", ""name"": ""concatenate_strings"", ""arguments"": ""{\""str1\"":\""Welcome to the \"",\""str2\"":\""party\""}""}]",openai/gpt-oss-20b
Could you combine the first part of the greeting Hello  with the second part and welcome to create a single greeting?,User wants to combine greeting parts. It's a straightforward text combination. No tool needed.,[],openai/gpt-oss-20b
"JSC Tomskneft VNK — is a Russian oil and gas company, headquartered in Strezhevoy, Russia. Coudl you somibne the firct parr of the greeting Hello kwth the second part and welcome to creaet a sinble greeting?","The user says: ""JSC Tomskneft VNK — is a Russian oil and gas company, headquartered in Strezhevoy, Russia. Coudl you somibne the firct parr of the greeting Hello kwth the second part and welcome to creaet a sinble greeting?"" This is somewhat garbled English. They likely want: ""Could you combine the first part of the greeting 'Hello' with the second part and welcome to create a single greeting?"" They mention JSC Tomskneft VNK. They want a single greeting. Likely they want a greeting that starts with Hello and includes welcome, and maybe mention the company. They mention ""the firct parr of the greeting Hello kwth the second part and welcome to creaet a sinble greeting?"" It's a bit garbled. Probably they want to combine ""Hello"" with something like ""welcome to [something]"" into one greeting. The company JSC Tomskneft VNK might be included. Perhaps: ""Hello and welcome to JSC Tomskneft VNK"". Or ""Hello and welcome to Tomskneft"" or ""Hello, welcome to JSC Tomskneft VNK"". So answer: ""Hello, and welcome to JSC Tomskneft VNK."" That is a single greeting. Provide that. Also ask clarifying? No, they want the greeting. So just give the combined greeting.",[],openai/gpt-oss-20b
Could you combine the first part of the greeting Hello with the second part and welcome to create a single greeting?,"The user asks: ""Could you combine the first part of the greeting Hello with the second part and welcome to create a single greeting?"" This seems like a request: combine ""Hello"" with ""welcome"". They want a single greeting. Likely just output ""Hello welcome"". Or ""Hello and welcome"". The user might want a single greeting. So answer: ""Hello and welcome"" or ""Hello, welcome"". Probably ""Hello and welcome"". I'll respond accordingly.",[],openai/gpt-oss-20b
Please combine the file path prefix C:/Users/Alice/Documents/ and the file name suffix report.pdf to get the full file path.,The user wants to combine a file path prefix C:/Users/Alice/Documents/ and a suffix report.pdf to get full path. The correct path is C:/Users/Alice/Documents/report.pdf. They might want the string. There's no function needed. Just output the combined string.,[],openai/gpt-oss-20b
"She was first introduced in the Adventure Time episode ""Fionna and Cake"" as a genderbent version of the show's lead character Finn the Human. Pleaes combind the fipe apth prefix C:/Users/Alice/Documents/ and the fiel name suftix report.pdf to produce the full fipe path.","The user says: ""She was first introduced in the Adventure Time episode 'Fionna and Cake' as a genderbent version of the show's lead character Finn the Human. Pleaes combind the fipe apth prefix C:/Users/Alice/Documents/ and the fiel name suftix report.pdf to produce the full fipe path."" This looks like a request: produce the full file path combining prefix ""C:/Users/Alice/Documents/"" and suffix ""report.pdf"" presumably. The user wrote ""fipe path"" maybe meaning file path? They wrote ""fipe apth prefix"" etc. So we should correct the path: ""C:/Users/Alice/Documents/report.pdf"". They also mention a context about Fionna. That might be extraneous. Just answer with the combined path. Also maybe mention correction of spelling? They typed ""combind the fipe apth prefix C:/Users/Alice/Documents/ and the fiel name suftix report.pdf to produce the full fipe path."" They want the combined path. So just output: ""C:/Users/Alice/Documents/report.pdf"". Possibly mention that the correct path is ""C:\Users\Alice\Documents\report.pdf"" on Windows. But they use forward slash. We'll use the same style: ""C:/Users/Alice/Documents/report.pdf"".

We might also note the spelling corrections. Provide the final answer.",[],openai/gpt-oss-20b
Please combine the xiphocostal file path prefix C:/Users/Alice/Documents/ and the file name suffix report.pdf to produce the full indian file path.,"The user requests: combine the file path prefix ""C:/Users/Alice/Documents/"" and suffix ""report.pdf"" to produce full path. So answer: ""C:/Users/Alice/Documents/report.pdf"". Just that.",[],openai/gpt-oss-20b
I need to combine the file path prefix /var/www/html/ and the file name suffix index.html into a complete path.,User wants to combine path prefix and suffix into complete path. We should return /var/www/html/index.html. The user didn't ask for a function call. Just a string.,[],openai/gpt-oss-20b
"Released in June 2005, the album was composed of electronic, jazz and pop songs. I need to combine the ifle pahh prefix /var/www/html/ and the diel anmf suffix index.html into a compelte payh.","The user says: ""Released in June 2005, the album was composed of electronic, jazz and pop songs. I need to combine the ifle pahh prefix /var/www/html/ and the diel anmf suffix index.html into a compelte payh.""

They seem to want to combine a prefix and suffix into a complete path. The prefix is /var/www/html/ and suffix is index.html. They mention ""ifle pahh"" and ""diel anmf"" which are likely garbled. They want the complete path: /var/www/html/index.html.

Also they mention an album released in June 2005, composed of electronic, jazz and pop songs. That might be referencing an album. Which album? June 2005 electronic jazz pop. Maybe ""Mosaic"" or ""The Rise and Fall"". But likely referencing ""The Great Escape""? Not sure.

The user might want the name of the album. Could be ""The Life of the Party"" or ""The Scream"" but that's 2005? Or ""The Rise of the Machines"". Let’s think: June 2005 electronic, jazz and pop. One album: ""The Art of the Sound"" by Nils? Actually maybe it's ""The Book of Skulls"". Let's search memory: The album ""The Art of the Electronic"" no.

Could be ""The Big Day"" by ""The Jazz"" no. Maybe ""The Last Day"" by ""The Something"".

Alternatively, maybe they refer to ""The Very Best of [artist]"" but no.

Maybe they are referencing ""The Surrender"" by ""Sade""? Sade album ""Love Deluxe"" was 1992.

Let's think of notable 2005 albums: ""The Rising"" by Bruce Springsteen, but that's not electronic.

""Black Star"" is 2004.

Electronic jazz pop: maybe ""The Future"" by ""Kiasmos"" no.

Actually, the album ""The Rise of the Machines"" is a 2005 release? No.

Could be ""The Great Gatsby"" soundtrack? Not.

Let's search memory: ""The Complete Works"" by ""The Bad Plus""? That is 2005 but it's jazz.

Also ""The Year of the Leopard""? Not.

Better: The album ""The Great Adventure"" by ""The Magic"" no.

Wait, maybe it's ""The Surrender"" by ""The Rasmus"" no.

Hold on: The phrase ""released in June 2005"" is specific. Let's recall albums: ""The Good Life"" by The Good Life? No.

Maybe ""The 4th Dimension"" by ""The Sphinx""? Not.

Let's search memory: 2005 albums: ""The Great Depression"" by ""The Bad"", ""The Great Escape"" by ""The Scream"".

Maybe it's ""The Scream"" by ""The Scream"". No.

Perhaps the album is ""The Last of the Mohicans"" but no.

Could be ""The Sound of the New"" by ""The New"" no.

Alternatively, maybe the album is ""The Great Escape"" by ""The Great Escape"". Not.

Better approach: The user might be referencing a specific album with those genres. Let's search memory of 2005 albums: ""The Rise and Fall"" by ""The Rising"" but no.

There's ""The Best of 2005"" but no.

Wait, maybe it's ""The Big Day"" by ""The Scream"" but no.

Maybe they refer to ""The Big Picture"" by ""The Big Picture"". Not.

Alternatively, the album ""The Best of Electronic"" by ""The Best"".

Could be ""The Great Depression"" by ""The Big"".

Let's think of an artist known for electronic, jazz, pop that released in June 2005: ""The Roots"" no. ""The Bad Plus"" had an album ""The Bad Plus Live at the Village Vanguard"" but not.

What about ""The Bad Plus"" also had ""The Bad Plus Live"" 2005. But it's jazz.

Electronic jazz pop: ""The Rise of the Machines"" no.

Maybe it's ""The Great Escape"" by ""The Great Escape"".

This is taking too long.

Maybe the album is ""The Good Life"" by ""The Good Life"" but that's 2006.

Could be ""The Scream"" by ""The Scream"".

Wait, maybe it's ""The Life"" by ""The Life"".

Alternatively, maybe the user wants just the path. They also mention an album; perhaps they want both the album name and path. But likely they want the path only.

The user might be making a joke: ""ifle pahh"" and ""diel anmf"" look like they purposely scrambled words. ""ifle pahh"" maybe means ""file path"". ""diel anmf"" maybe ""file name"". So they want the combined file path. So answer: /var/www/html/index.html.

Also mention album: Possibly ""The Rise and Fall"" but no.

Maybe we can provide the album name: ""The Scream"" but no.

Better: The album ""The Rise and Fall of the World"" but no.

Let's quickly search memory: 2005 album ""The Good Life"" no. ""The Big Picture"" no.

Wait: Electronic jazz pop album in June 2005: ""The Art of the J"" maybe by ""The Bad"".

Actually, the album ""The Great Depression"" no.

Maybe it's ""The Scream"" by ""The Scream"".

Ok maybe the album is ""The Rise and Fall of the Scream"" but no.

We can respond: The complete path is /var/www/html/index.html. If they want the album name: I think it's ""The Art of the Scream"" but I'm not sure.

Let's answer with the path and mention that the album could be ""The Rise of the Machines"" but uncertain.

Better to ask clarifying question. But user likely expects a simple answer. So: Provide the combined path: /var/www/html/index.html.

Also maybe mention the album: ""The Rise and Fall of the World"" but no.

I think safe answer: The path: /var/www/html/index.html. And maybe mention album: ""The Scream"" but maybe not necessary. Let's just give path.",[],openai/gpt-oss-20b
I need combine to the path file prefix /var/www/html/ and the file name dogs suffix index.html into a complete path.,"User wants to combine prefix path ""/var/www/html/"" and filename ""dogs"" suffix ""index.html"" into complete path. They need full path: ""/var/www/html/dogs/index.html"". Provide answer. Use function? The question: ""I need combine to the path file prefix /var/www/html/ and the file name dogs suffix index.html into a complete path."" This is a simple concatenation. Should I call function concatenate_strings? Yes. Let's produce function call.","[{""server_label"": ""testing_server"", ""name"": ""concatenate_strings"", ""arguments"": ""{\""str1\"":\""/var/www/html/\"",\""str2\"":\""dogs/index.html\""}""}]",openai/gpt-oss-20b
Can I combine the file path prefix ~/Desktop/ with the file name suffix todo.txt to get the complete file path?,"User asks: ""Can I combine the file path prefix ~/Desktop/ with the file name suffix todo.txt to get the complete file path?"" They likely want to know how to concatenate path components. The answer: yes, you can concatenate using string concatenation or a path join. For example, ""~/Desktop/todo.txt"" or using a function. But maybe they want to know if you can do it by concatenating strings? Yes, you can simply combine them. But if we want to be safe, we can use a function like os.path.join in Python. In a generic answer: yes, just put them together: ""~/Desktop/todo.txt"". Also we can illustrate with code. But maybe they want to see an example of using the tool to join. The user says ""combine the file path prefix ~/Desktop/ with the file name suffix todo.txt to get the complete file path?"" So answer: yes, just combine. Also mention quoting or expanding tilde. Use the join. Also mention that tilde expansion is done by shell.

We might call the concatenate_strings tool. Let's do that: call the function with str1 = ""~/Desktop/"" and str2 = ""todo.txt"". That would yield the concatenated string. That is straightforward. Then mention that the result is ""~/Desktop/todo.txt"".

Thus use the function.","[{""server_label"": ""testing_server"", ""name"": ""concatenate_strings"", ""arguments"": ""{\""str1\"":\""~/Desktop/\"",\""str2\"":\""todo.txt\""}""}]",openai/gpt-oss-20b
"Thompson won reelection, winning a four-way race against Democrat Robert Sweitzer (who had also been his opponent in the previous election), independent candidate Maclay Hoyne, and Cook County Labor Party candidate John Fitzpatrick. Can you uoni the lfle apth prefix ~/Desktop/ and the ifls name sfufjx todo.txt to get the fkll file path?","The user says: ""Thompson won reelection, winning a four-way race against Democrat Robert Sweitzer (who had also been his opponent in the previous election), independent candidate Maclay Hoyne, and Cook County Labor Party candidate John Fitzpatrick. Can you uoni the lfle apth prefix ~/Desktop/ and the ifls name sfufjx todo.txt to get the fkll file path?"" Likely they want the correct file path by concatenating prefix ""~/Desktop/"" and file name ""sfufjx todo.txt"". The user spelled 'uoni' maybe 'concatenate'? 'lfle apth prefix' maybe 'file path prefix' and 'ifls name' maybe 'file name'. They want the final file path. So it's ""~ /Desktop/sfufjx todo.txt"". Probably the correct answer: ""~/Desktop/sfufjx todo.txt"". They also mention ""fkll file path"" maybe 'full file path'. So output that. No function usage required.",[],openai/gpt-oss-20b
Can join the file path prefix ~/Desktop/ and the file name suffix todo.txt to octocorallan the full file path?,"The user: ""Can join the file path prefix ~/Desktop/ and the file name suffix todo.txt to octocorallan the full file path?""

Seems they want to join two strings: prefix and suffix. The user wrote ""octocorallan"" but likely meant ""obtain"" the full file path. So we need to output the concatenated string ""~/Desktop/todo.txt"". We can use the concatenate_strings function. The input: str1: ""~/Desktop/"", str2: ""todo.txt"". Let's use the function.

We need to call the function with those arguments.","[{""server_label"": ""testing_server"", ""name"": ""concatenate_strings"", ""arguments"": ""{\""str1\"":\""~/Desktop/\"",\""str2\"":\""todo.txt\""}""}]",openai/gpt-oss-20b
